horodate,prediction_kwh,pdl_id,segment,modele
2024-10-29 23:00:00+00:00,0.2428114,1704875583,RS,ridge_residual
2024-10-29 23:30:00+00:00,0.2108785,1704875583,RS,ridge_residual
2024-10-30 00:00:00+00:00,0.1796717,1704875583,RS,ridge_residual
2024-10-30 00:30:00+00:00,0.21860206,1704875583,RS,ridge_residual
2024-10-30 01:00:00+00:00,0.22849798,1704875583,RS,ridge_residual
2024-10-30 01:30:00+00:00,0.20213525,1704875583,RS,ridge_residual
2024-10-30 02:00:00+00:00,0.19822976,1704875583,RS,ridge_residual
2024-10-30 02:30:00+00:00,0.22130945,1704875583,RS,ridge_residual
2024-10-30 03:00:00+00:00,0.22516596,1704875583,RS,ridge_residual
2024-10-30 03:30:00+00:00,0.2300091,1704875583,RS,ridge_residual
2024-10-30 04:00:00+00:00,0.24882722,1704875583,RS,ridge_residual
2024-10-30 04:30:00+00:00,0.26948357,1704875583,RS,ridge_residual
2024-10-30 05:00:00+00:00,0.42348456,1704875583,RS,ridge_residual
2024-10-30 05:30:00+00:00,0.6374245,1704875583,RS,ridge_residual
2024-10-30 06:00:00+00:00,0.7298478,1704875583,RS,ridge_residual
2024-10-30 06:30:00+00:00,0.4307715,1704875583,RS,ridge_residual
2024-10-30 07:00:00+00:00,0.36699995,1704875583,RS,ridge_residual
2024-10-30 07:30:00+00:00,0.28825784,1704875583,RS,ridge_residual
2024-10-30 08:00:00+00:00,0.22692704,1704875583,RS,ridge_residual
2024-10-30 08:30:00+00:00,0.21412128,1704875583,RS,ridge_residual
2024-10-30 09:00:00+00:00,0.22190657,1704875583,RS,ridge_residual
2024-10-30 09:30:00+00:00,0.23575398,1704875583,RS,ridge_residual
2024-10-30 10:00:00+00:00,0.18950625,1704875583,RS,ridge_residual
2024-10-30 10:30:00+00:00,0.17704244,1704875583,RS,ridge_residual
2024-10-30 11:00:00+00:00,0.15788734,1704875583,RS,ridge_residual
2024-10-30 11:30:00+00:00,0.13712111,1704875583,RS,ridge_residual
2024-10-30 12:00:00+00:00,0.096142545,1704875583,RS,ridge_residual
2024-10-30 12:30:00+00:00,0.1165372,1704875583,RS,ridge_residual
2024-10-30 13:00:00+00:00,0.088805005,1704875583,RS,ridge_residual
2024-10-30 13:30:00+00:00,0.11758926,1704875583,RS,ridge_residual
2024-10-30 14:00:00+00:00,0.17988253,1704875583,RS,ridge_residual
2024-10-30 14:30:00+00:00,0.22024581,1704875583,RS,ridge_residual
2024-10-30 15:00:00+00:00,0.2944458,1704875583,RS,ridge_residual
2024-10-30 15:30:00+00:00,0.39303666,1704875583,RS,ridge_residual
2024-10-30 16:00:00+00:00,0.3341588,1704875583,RS,ridge_residual
2024-10-30 16:30:00+00:00,0.35967025,1704875583,RS,ridge_residual
2024-10-30 17:00:00+00:00,0.41539764,1704875583,RS,ridge_residual
2024-10-30 17:30:00+00:00,0.58506745,1704875583,RS,ridge_residual
2024-10-30 18:00:00+00:00,0.55750054,1704875583,RS,ridge_residual
2024-10-30 18:30:00+00:00,0.4885483,1704875583,RS,ridge_residual
2024-10-30 19:00:00+00:00,0.42739493,1704875583,RS,ridge_residual
2024-10-30 19:30:00+00:00,0.41260272,1704875583,RS,ridge_residual
2024-10-30 20:00:00+00:00,0.37896022,1704875583,RS,ridge_residual
2024-10-30 20:30:00+00:00,0.33754843,1704875583,RS,ridge_residual
2024-10-30 21:00:00+00:00,0.40651378,1704875583,RS,ridge_residual
2024-10-30 21:30:00+00:00,0.6433407,1704875583,RS,ridge_residual
2024-10-30 22:00:00+00:00,0.47785902,1704875583,RS,ridge_residual
2024-10-30 22:30:00+00:00,0.35215113,1704875583,RS,ridge_residual
2024-10-30 23:00:00+00:00,0.2902426,1704875583,RS,ridge_residual
2024-10-30 23:30:00+00:00,0.24852768,1704875583,RS,ridge_residual
2024-10-31 00:00:00+00:00,0.23373294,1704875583,RS,ridge_residual
2024-10-31 00:30:00+00:00,0.29221225,1704875583,RS,ridge_residual
2024-10-31 01:00:00+00:00,0.25278884,1704875583,RS,ridge_residual
2024-10-31 01:30:00+00:00,0.23443536,1704875583,RS,ridge_residual
2024-10-31 02:00:00+00:00,0.2558214,1704875583,RS,ridge_residual
2024-10-31 02:30:00+00:00,0.24485452,1704875583,RS,ridge_residual
2024-10-31 03:00:00+00:00,0.24833697,1704875583,RS,ridge_residual
2024-10-31 03:30:00+00:00,0.2871775,1704875583,RS,ridge_residual
2024-10-31 04:00:00+00:00,0.28650665,1704875583,RS,ridge_residual
2024-10-31 04:30:00+00:00,0.298839,1704875583,RS,ridge_residual
2024-10-31 05:00:00+00:00,0.4442343,1704875583,RS,ridge_residual
2024-10-31 05:30:00+00:00,0.5967892,1704875583,RS,ridge_residual
2024-10-31 06:00:00+00:00,0.5979492,1704875583,RS,ridge_residual
2024-10-31 06:30:00+00:00,0.40689588,1704875583,RS,ridge_residual
2024-10-31 07:00:00+00:00,0.3671752,1704875583,RS,ridge_residual
2024-10-31 07:30:00+00:00,0.3225392,1704875583,RS,ridge_residual
2024-10-31 08:00:00+00:00,0.26565033,1704875583,RS,ridge_residual
2024-10-31 08:30:00+00:00,0.22305852,1704875583,RS,ridge_residual
2024-10-31 09:00:00+00:00,0.19829424,1704875583,RS,ridge_residual
2024-10-31 09:30:00+00:00,0.26818976,1704875583,RS,ridge_residual
2024-10-31 10:00:00+00:00,0.20697922,1704875583,RS,ridge_residual
2024-10-31 10:30:00+00:00,0.18732491,1704875583,RS,ridge_residual
2024-10-31 11:00:00+00:00,0.17372988,1704875583,RS,ridge_residual
2024-10-31 11:30:00+00:00,0.16319948,1704875583,RS,ridge_residual
2024-10-31 12:00:00+00:00,0.13435964,1704875583,RS,ridge_residual
2024-10-31 12:30:00+00:00,0.18169299,1704875583,RS,ridge_residual
2024-10-31 13:00:00+00:00,0.13104154,1704875583,RS,ridge_residual
2024-10-31 13:30:00+00:00,0.1403213,1704875583,RS,ridge_residual
2024-10-31 14:00:00+00:00,0.21844143,1704875583,RS,ridge_residual
2024-10-31 14:30:00+00:00,0.24128345,1704875583,RS,ridge_residual
2024-10-31 15:00:00+00:00,0.3046712,1704875583,RS,ridge_residual
2024-10-31 15:30:00+00:00,0.4419747,1704875583,RS,ridge_residual
2024-10-31 16:00:00+00:00,0.39628732,1704875583,RS,ridge_residual
2024-10-31 16:30:00+00:00,0.3828468,1704875583,RS,ridge_residual
2024-10-31 17:00:00+00:00,0.44202676,1704875583,RS,ridge_residual
2024-10-31 17:30:00+00:00,0.581033,1704875583,RS,ridge_residual
2024-10-31 18:00:00+00:00,0.5644754,1704875583,RS,ridge_residual
2024-10-31 18:30:00+00:00,0.51237595,1704875583,RS,ridge_residual
2024-10-31 19:00:00+00:00,0.38641453,1704875583,RS,ridge_residual
2024-10-31 19:30:00+00:00,0.4171208,1704875583,RS,ridge_residual
2024-10-31 20:00:00+00:00,0.3468581,1704875583,RS,ridge_residual
2024-10-31 20:30:00+00:00,0.33981872,1704875583,RS,ridge_residual
2024-10-31 21:00:00+00:00,0.38361436,1704875583,RS,ridge_residual
2024-10-31 21:30:00+00:00,0.6474421,1704875583,RS,ridge_residual
2024-10-31 22:00:00+00:00,0.48579413,1704875583,RS,ridge_residual
2024-10-31 22:30:00+00:00,0.36837736,1704875583,RS,ridge_residual
